{"cameraMode":{"drawMode":0,"name":"Shaded","section":"Shading Mode"},"sceneLighting":true,"audioPlay":false,"sceneViewState":{"m_AlwaysRefresh":false,"showFog":true,"showSkybox":true,"showFlares":true,"showImageEffects":true,"showParticleSystems":true,"showVisualEffectGraphs":true,"m_FxEnabled":true},"in2DMode":false,"pivot":{"x":445.874267578125,"y":162.36863708496095,"z":665.5343627929688},"rotation":{"x":0.08420209586620331,"y":0.013446507975459099,"z":-0.0011363604571670294,"w":0.9963579177856445},"size":612.3512573242188,"orthographic":false}