{"cameraMode":{"drawMode":0,"name":"Shaded","section":"Shading Mode"},"sceneLighting":true,"audioPlay":false,"sceneViewState":{"m_AlwaysRefresh":false,"showFog":true,"showSkybox":true,"showFlares":true,"showImageEffects":true,"showParticleSystems":true,"showVisualEffectGraphs":true,"m_FxEnabled":true},"in2DMode":false,"pivot":{"x":431.2086486816406,"y":101.08804321289063,"z":653.7923583984375},"rotation":{"x":0.10958611220121384,"y":0.007449512369930744,"z":-0.0008214657427743077,"w":0.9939502477645874},"size":612.3512573242188,"orthographic":false}