{"cameraMode":{"drawMode":0,"name":"Shaded","section":"Shading Mode"},"sceneLighting":true,"audioPlay":false,"sceneViewState":{"m_AlwaysRefresh":false,"showFog":true,"showSkybox":true,"showFlares":true,"showImageEffects":true,"showParticleSystems":true,"showVisualEffectGraphs":true,"m_FxEnabled":true},"in2DMode":false,"pivot":{"x":617.7301635742188,"y":233.75074768066407,"z":552.9953002929688},"rotation":{"x":0.051238592714071277,"y":0.04342389106750488,"z":-0.0022300139535218479,"w":0.997739315032959},"size":645.1166381835938,"orthographic":false}