{"cameraMode":{"drawMode":0,"name":"Shaded","section":"Shading Mode"},"sceneLighting":true,"audioPlay":false,"sceneViewState":{"m_AlwaysRefresh":false,"showFog":true,"showSkybox":true,"showFlares":true,"showImageEffects":true,"showParticleSystems":true,"showVisualEffectGraphs":true,"m_FxEnabled":true},"in2DMode":false,"pivot":{"x":513.5817260742188,"y":212.11717224121095,"z":337.0941162109375},"rotation":{"x":0.08417332917451859,"y":0.09689220041036606,"z":-0.008205671794712544,"w":0.9916977882385254},"size":458.6632080078125,"orthographic":false}